Week,Winner,PtsW,H/A,Loser,PtsL
1,Philadelphia Eagles,24,,Dallas Cowboys,20
1,Los Angeles Chargers,27,,Kansas City Chiefs,21
1,Tampa Bay Buccaneers,23,@,Atlanta Falcons,20
1,Jacksonville Jaguars,26,,Carolina Panthers,10
1,Cincinnati Bengals,17,@,Cleveland Browns,16
1,Indianapolis Colts,33,,Miami Dolphins,8
1,Arizona Cardinals,20,@,New Orleans Saints,13
1,Las Vegas Raiders,20,@,New England Patriots,13
1,Washington Commanders,21,,New York Giants,6
1,Pittsburgh Steelers,34,@,New York Jets,32
1,Denver Broncos,20,,Tennessee Titans,12
1,San Francisco 49ers,17,@,Seattle Seahawks,13
1,Green Bay Packers,27,,Detroit Lions,13
1,Los Angeles Rams,14,,Houston Texans,9
1,Buffalo Bills,41,,Baltimore Ravens,40
1,Minnesota Vikings,27,@,Chicago Bears,24
2,Green Bay Packers,27,,Washington Commanders,18
2,Buffalo Bills,30,@,New York Jets,10
2,Detroit Lions,52,,Chicago Bears,21
2,Cincinnati Bengals,31,,Jacksonville Jaguars,27
2,Baltimore Ravens,41,,Cleveland Browns,17
2,Dallas Cowboys,40,,New York Giants,37
2,New England Patriots,33,@,Miami Dolphins,27
2,San Francisco 49ers,26,@,New Orleans Saints,21
2,Los Angeles Rams,33,@,Tennessee Titans,19
2,Seattle Seahawks,31,@,Pittsburgh Steelers,17
2,Arizona Cardinals,27,,Carolina Panthers,22
2,Indianapolis Colts,29,,Denver Broncos,28
2,Philadelphia Eagles,20,@,Kansas City Chiefs,17
2,Atlanta Falcons,22,@,Minnesota Vikings,6
2,Tampa Bay Buccaneers,20,@,Houston Texans,19
2,Los Angeles Chargers,20,@,Las Vegas Raiders,9
3,Buffalo Bills,31,,Miami Dolphins,21
3,Carolina Panthers,30,,Atlanta Falcons,0
3,Minnesota Vikings,48,,Cincinnati Bengals,10
3,Cleveland Browns,13,,Green Bay Packers,10
3,Indianapolis Colts,41,@,Tennessee Titans,20
3,Jacksonville Jaguars,17,,Houston Texans,10
3,Pittsburgh Steelers,21,@,New England Patriots,14
3,Tampa Bay Buccaneers,29,,New York Jets,27
3,Philadelphia Eagles,33,,Los Angeles Rams,26
3,Washington Commanders,41,,Las Vegas Raiders,24
3,Los Angeles Chargers,23,,Denver Broncos,20
3,Seattle Seahawks,44,,New Orleans Saints,13
3,Chicago Bears,31,,Dallas Cowboys,14
3,San Francisco 49ers,16,,Arizona Cardinals,15
3,Kansas City Chiefs,22,@,New York Giants,9
3,Detroit Lions,38,@,Baltimore Ravens,30
4,Seattle Seahawks,23,@,Arizona Cardinals,20
4,Pittsburgh Steelers,24,,Minnesota Vikings,21
4,Atlanta Falcons,34,,Washington Commanders,27
4,Buffalo Bills,31,,New Orleans Saints,19
4,New England Patriots,42,,Carolina Panthers,13
4,Detroit Lions,34,,Cleveland Browns,10
4,Houston Texans,26,,Tennessee Titans,0
4,New York Giants,21,,Los Angeles Chargers,18
4,Philadelphia Eagles,31,@,Tampa Bay Buccaneers,25
4,Los Angeles Rams,27,,Indianapolis Colts,20
4,Jacksonville Jaguars,26,@,San Francisco 49ers,21
4,Chicago Bears,25,@,Las Vegas Raiders,24
4,Kansas City Chiefs,37,,Baltimore Ravens,20
4,Green Bay Packers,40,@,Dallas Cowboys,40
4,Miami Dolphins,27,,New York Jets,21
4,Denver Broncos,28,,Cincinnati Bengals,3
5,San Francisco 49ers,26,@,Los Angeles Rams,23
5,Minnesota Vikings,21,@,Cleveland Browns,17
5,Carolina Panthers,27,,Miami Dolphins,24
5,Indianapolis Colts,40,,Las Vegas Raiders,6
5,Dallas Cowboys,37,@,New York Jets,22
5,Denver Broncos,21,@,Philadelphia Eagles,17
5,Houston Texans,44,@,Baltimore Ravens,10
5,New Orleans Saints,26,,New York Giants,14
5,Tennessee Titans,22,@,Arizona Cardinals,21
5,Tampa Bay Buccaneers,38,@,Seattle Seahawks,35
5,Detroit Lions,37,@,Cincinnati Bengals,24
5,Washington Commanders,27,@,Los Angeles Chargers,10
5,New England Patriots,23,@,Buffalo Bills,20
5,Jacksonville Jaguars,31,,Kansas City Chiefs,28
6,New York Giants,34,,Philadelphia Eagles,17
6,Denver Broncos,13,@,New York Jets,11
6,Carolina Panthers,30,,Dallas Cowboys,27
6,Pittsburgh Steelers,23,,Cleveland Browns,9
6,Indianapolis Colts,31,,Arizona Cardinals,27
6,Seattle Seahawks,20,@,Jacksonville Jaguars,12
6,Los Angeles Chargers,29,@,Miami Dolphins,27
6,New England Patriots,25,@,New Orleans Saints,19
6,Los Angeles Rams,17,@,Baltimore Ravens,3
6,Las Vegas Raiders,20,,Tennessee Titans,10
6,Green Bay Packers,27,,Cincinnati Bengals,18
6,Tampa Bay Buccaneers,30,,San Francisco 49ers,19
6,Kansas City Chiefs,30,,Detroit Lions,17
6,Atlanta Falcons,24,,Buffalo Bills,14
6,Chicago Bears,25,@,Washington Commanders,24
7,Cincinnati Bengals,33,,Pittsburgh Steelers,31
7,Los Angeles Rams,35,@,Jacksonville Jaguars,7
7,Chicago Bears,26,,New Orleans Saints,14
7,Philadelphia Eagles,28,@,Minnesota Vikings,22
7,Carolina Panthers,13,@,New York Jets,6
7,Cleveland Browns,31,,Miami Dolphins,6
7,Kansas City Chiefs,31,,Las Vegas Raiders,0
7,New England Patriots,31,@,Tennessee Titans,13
7,Indianapolis Colts,38,@,Los Angeles Chargers,24
7,Denver Broncos,33,,New York Giants,32
7,Green Bay Packers,27,@,Arizona Cardinals,23
7,Dallas Cowboys,44,,Washington Commanders,22
7,San Francisco 49ers,20,,Atlanta Falcons,10
7,Detroit Lions,24,,Tampa Bay Buccaneers,9
7,Seattle Seahawks,27,,Houston Texans,19
8,Los Angeles Chargers,37,,Minnesota Vikings,10
8,Miami Dolphins,34,@,Atlanta Falcons,10
8,Buffalo Bills,40,@,Carolina Panthers,9
8,Baltimore Ravens,30,,Chicago Bears,16
8,Houston Texans,26,,San Francisco 49ers,15
8,New York Jets,39,@,Cincinnati Bengals,38
8,New England Patriots,32,,Cleveland Browns,13
8,Philadelphia Eagles,38,,New York Giants,20
8,Tampa Bay Buccaneers,23,@,New Orleans Saints,3
8,Indianapolis Colts,38,,Tennessee Titans,14
8,Denver Broncos,44,,Dallas Cowboys,24
8,Green Bay Packers,35,@,Pittsburgh Steelers,25
8,Kansas City Chiefs,28,,Washington Commanders,7
9,Baltimore Ravens,28,@,Miami Dolphins,6
9,New England Patriots,24,,Atlanta Falcons,23
9,Chicago Bears,47,@,Cincinnati Bengals,42
9,Minnesota Vikings,27,@,Detroit Lions,24
9,Carolina Panthers,16,@,Green Bay Packers,13
9,Pittsburgh Steelers,27,,Indianapolis Colts,20
9,Denver Broncos,18,@,Houston Texans,15
9,San Francisco 49ers,34,@,New York Giants,24
9,Los Angeles Chargers,27,@,Tennessee Titans,20
9,Jacksonville Jaguars,30,@,Las Vegas Raiders,29
9,Los Angeles Rams,34,,New Orleans Saints,10
9,Buffalo Bills,28,,Kansas City Chiefs,21
9,Seattle Seahawks,38,@,Washington Commanders,14
9,Arizona Cardinals,27,@,Dallas Cowboys,17
10,Denver Broncos,10,,Las Vegas Raiders,7
10,Indianapolis Colts,31,,Atlanta Falcons,25
10,Miami Dolphins,30,,Buffalo Bills,13
10,Chicago Bears,24,,New York Giants,20
10,New York Jets,27,,Cleveland Browns,20
10,Houston Texans,36,,Jacksonville Jaguars,29
10,Baltimore Ravens,27,@,Minnesota Vikings,19
10,New Orleans Saints,17,@,Carolina Panthers,7
10,New England Patriots,28,@,Tampa Bay Buccaneers,23
10,Seattle Seahawks,44,,Arizona Cardinals,22
10,Detroit Lions,44,@,Washington Commanders,22
10,Los Angeles Rams,42,@,San Francisco 49ers,26
10,Los Angeles Chargers,25,,Pittsburgh Steelers,10
10,Philadelphia Eagles,10,@,Green Bay Packers,7
11,New England Patriots,27,,New York Jets,14
11,Miami Dolphins,16,,Washington Commanders,13
11,Carolina Panthers,30,@,Atlanta Falcons,27
11,Buffalo Bills,44,,Tampa Bay Buccaneers,32
11,Chicago Bears,19,@,Minnesota Vikings,17
11,Pittsburgh Steelers,34,,Cincinnati Bengals,12
11,Green Bay Packers,27,@,New York Giants,20
11,Houston Texans,16,@,Tennessee Titans,13
11,Jacksonville Jaguars,35,,Los Angeles Chargers,6
11,San Francisco 49ers,41,@,Arizona Cardinals,22
11,Los Angeles Rams,21,,Seattle Seahawks,19
11,Baltimore Ravens,23,@,Cleveland Browns,16
11,Denver Broncos,22,,Kansas City Chiefs,19
11,Philadelphia Eagles,16,,Detroit Lions,9
11,Dallas Cowboys,33,@,Las Vegas Raiders,16
12,Houston Texans,23,,Buffalo Bills,19
12,Chicago Bears,31,,Pittsburgh Steelers,28
12,New England Patriots,26,@,Cincinnati Bengals,20
12,Kansas City Chiefs,23,,Indianapolis Colts,20
12,Detroit Lions,34,,New York Giants,27
12,Green Bay Packers,23,,Minnesota Vikings,6
12,Baltimore Ravens,23,,New York Jets,10
12,Seattle Seahawks,30,@,Tennessee Titans,24
12,Cleveland Browns,24,@,Las Vegas Raiders,10
12,Jacksonville Jaguars,27,@,Arizona Cardinals,24
12,Atlanta Falcons,24,@,New Orleans Saints,10
12,Dallas Cowboys,24,,Philadelphia Eagles,21
12,Los Angeles Rams,34,,Tampa Bay Buccaneers,7
12,San Francisco 49ers,20,,Carolina Panthers,9
13,Green Bay Packers,31,@,Detroit Lions,24
13,Dallas Cowboys,31,,Kansas City Chiefs,28
13,Cincinnati Bengals,32,@,Baltimore Ravens,14
13,Chicago Bears,24,@,Philadelphia Eagles,15
13,New York Jets,27,,Atlanta Falcons,24
13,San Francisco 49ers,26,@,Cleveland Browns,8
13,Houston Texans,20,@,Indianapolis Colts,16
13,Tampa Bay Buccaneers,20,,Arizona Cardinals,17
13,Jacksonville Jaguars,25,@,Tennessee Titans,3
13,Miami Dolphins,21,,New Orleans Saints,17
13,Carolina Panthers,31,,Los Angeles Rams,28
13,Seattle Seahawks,26,,Minnesota Vikings,0
13,Buffalo Bills,26,@,Pittsburgh Steelers,7
13,Los Angeles Chargers,31,,Las Vegas Raiders,14
13,Denver Broncos,27,@,Washington Commanders,26
13,New England Patriots,33,,New York Giants,15
14,Detroit Lions,44,,Dallas Cowboys,30
14,Seattle Seahawks,37,@,Atlanta Falcons,9
14,Buffalo Bills,39,,Cincinnati Bengals,34
14,Tennessee Titans,31,@,Cleveland Browns,29
14,Jacksonville Jaguars,36,,Indianapolis Colts,19
14,Miami Dolphins,34,@,New York Jets,10
14,Minnesota Vikings,31,,Washington Commanders,0
14,New Orleans Saints,24,@,Tampa Bay Buccaneers,20
14,Pittsburgh Steelers,27,@,Baltimore Ravens,22
14,Denver Broncos,24,@,Las Vegas Raiders,17
14,Green Bay Packers,28,,Chicago Bears,21
14,Los Angeles Rams,45,@,Arizona Cardinals,17
14,Houston Texans,20,@,Kansas City Chiefs,10
14,Los Angeles Chargers,22,,Philadelphia Eagles,19
15,Atlanta Falcons,,@,Tampa Bay Buccaneers,
15,Buffalo Bills,,@,New England Patriots,
15,New York Jets,,@,Jacksonville Jaguars,
15,Arizona Cardinals,,@,Houston Texans,
15,Los Angeles Chargers,,@,Kansas City Chiefs,
15,Baltimore Ravens,,@,Cincinnati Bengals,
15,Washington Commanders,,@,New York Giants,
15,Las Vegas Raiders,,@,Philadelphia Eagles,
15,Cleveland Browns,,@,Chicago Bears,
15,Green Bay Packers,,@,Denver Broncos,
15,Tennessee Titans,,@,San Francisco 49ers,
15,Carolina Panthers,,@,New Orleans Saints,
15,Detroit Lions,,@,Los Angeles Rams,
15,Indianapolis Colts,,@,Seattle Seahawks,
15,Minnesota Vikings,,@,Dallas Cowboys,
15,Miami Dolphins,,@,Pittsburgh Steelers,
16,Los Angeles Rams,,@,Seattle Seahawks,
16,Philadelphia Eagles,,@,Washington Commanders,
16,Green Bay Packers,,@,Chicago Bears,
16,Buffalo Bills,,@,Cleveland Browns,
16,New York Jets,,@,New Orleans Saints,
16,Kansas City Chiefs,,@,Tennessee Titans,
16,Los Angeles Chargers,,@,Dallas Cowboys,
16,New England Patriots,,@,Baltimore Ravens,
16,Minnesota Vikings,,@,New York Giants,
16,Tampa Bay Buccaneers,,@,Carolina Panthers,
16,Atlanta Falcons,,@,Arizona Cardinals,
16,Jacksonville Jaguars,,@,Denver Broncos,
16,Las Vegas Raiders,,@,Houston Texans,
16,Pittsburgh Steelers,,@,Detroit Lions,
16,Cincinnati Bengals,,@,Miami Dolphins,
16,San Francisco 49ers,,@,Indianapolis Colts,
17,Dallas Cowboys,,@,Washington Commanders,
17,Detroit Lions,,@,Minnesota Vikings,
17,Denver Broncos,,@,Kansas City Chiefs,
17,New Orleans Saints,,@,Tennessee Titans,
17,Arizona Cardinals,,@,Cincinnati Bengals,
17,Baltimore Ravens,,@,Green Bay Packers,
17,Seattle Seahawks,,@,Carolina Panthers,
17,Pittsburgh Steelers,,@,Cleveland Browns,
17,Houston Texans,,@,Los Angeles Chargers,
17,Tampa Bay Buccaneers,,@,Miami Dolphins,
17,Jacksonville Jaguars,,@,Indianapolis Colts,
17,New York Giants,,@,Las Vegas Raiders,
17,New England Patriots,,@,New York Jets,
17,Philadelphia Eagles,,@,Buffalo Bills,
17,Chicago Bears,,@,San Francisco 49ers,
17,Los Angeles Rams,,@,Atlanta Falcons,
18,Seattle Seahawks,,@,San Francisco 49ers,
18,Cleveland Browns,,@,Cincinnati Bengals,
18,Carolina Panthers,,@,Tampa Bay Buccaneers,
18,Los Angeles Chargers,,@,Denver Broncos,
18,Washington Commanders,,@,Philadelphia Eagles,
18,Indianapolis Colts,,@,Houston Texans,
18,Baltimore Ravens,,@,Pittsburgh Steelers,
18,Arizona Cardinals,,@,Los Angeles Rams,
18,Dallas Cowboys,,@,New York Giants,
18,Detroit Lions,,@,Chicago Bears,
18,Green Bay Packers,,@,Minnesota Vikings,
18,Tennessee Titans,,@,Jacksonville Jaguars,
18,New York Jets,,@,Buffalo Bills,
18,Kansas City Chiefs,,@,Las Vegas Raiders,
18,Miami Dolphins,,@,New England Patriots,
18,New Orleans Saints,,@,Atlanta Falcons,

